[
    {
        "question": "The tree sends downroots from its branches to the soil is know as:",
        "options": ["Oak", "Pine", "Banyan", "Palm"],
        "answer": 2,
        "level":0
    }, {
        "question": "Electric bulb filament is made of",
        "options": ["Copper", "Aluminum", "lead", "Tungsten"],
        "answer": 3,
        "level":0
    }, {
        "question": "Non Metal that remains liquid at room temprature is",
        "options": ["Phophorous", "Bromine", "Clorine","Helium"],
        "answer": 1,
        "level":0
    },{
        "question": "Which of the following is used in Pencils ?",
        "options": ["Graphite", "Silicon", "Charcoal", "Phosphorous"],
        "answer": 0,
        "level":0
    }, {
        "question": "Chemical formula of water ?",
        "options": ["NaA1O2", "H2O", "Al2O3", "CaSiO3"],
        "answer": 1,
        "level":0
    },{
        "question": "The gas filled in electric bulb is ?",
        "options": ["Nitrogen", "Hydrogen", "Carbon Dioxide", "Oxygen"],
        "answer": 0,
        "level":1
    },{
        "question": "Washing soda is the comman name for",
        "options": ["Sodium Carbonate", "Calcium Bicarbonate", "Sodium Bicarbonate", "Calcium Carbonate"],
        "answer": 0,
        "level":1
    },{
        "question": "Which gas is not known as green house gas ?",
        "options": ["Methane", "Nitrous oxide", "Carbon Dioxide", "Hydrogen"],
        "answer": 3,
        "level":1
    },{
        "question": "The hardest substance availabe on earth is",
        "options": ["Gold", "Iron", "Diamond", "Platinum"],
        "answer": 2,
        "level":1
    },{
        "question": "Used as a lubricant",
        "options": ["Graphite", "Silica", "Iron Oxide", "Diamond"],
        "answer": 0,
        "level":1
    },{
        "question": "Fathometer is used to measure",
        "options": ["Earthquakes", "Rainfall", "Ocean Depth", "Sound Intensity"],
        "answer": 2,
        "level":2
    },{
        "question": "Epsom(England) is the place associated with",
        "options": ["Snooker", "Shooting", "Polo", "Horse racing"],
        "answer": 3,
        "level":2
    },{
        "question": "Fastest Shorthand Writer was",
        "options": ["Dr. G.D.Bist", "J.R.D. Tata", "J.M. Tagore", "Khudada Khan"],
        "answer": 0,
        "level":2
    },{
        "question": "Golf Player Vijay Singh belongs to which Country ?",
        "options": ["USA", "Fiji", "India", "UK"],
        "answer": 1,
        "level":2
    },{
        "question": "An Astronaut in outer space will observe sky as",
        "options": ["White", "Black", "Blue", "Red"],
        "answer": 1,
        "level":2
    }
]